region,total_votes,valid_votes,cand_votes,party_initialis,votes
A Coruña,"672.772,00","667.447,00","662.442,00",PP,"287.997,00"
A Coruña,"672.772,00","667.447,00","662.442,00",PSdeG-PSOE,"188.184,00"
A Coruña,"672.772,00","667.447,00","662.442,00",SUMAR,"81.345,00"
A Coruña,"672.772,00","667.447,00","662.442,00",B.N.G.,"66.996,00"
A Coruña,"672.772,00","667.447,00","662.442,00",VOX,"33.606,00"
A Coruña,"672.772,00","667.447,00","662.442,00",PACMA,"2.814,00"
A Coruña,"672.772,00","667.447,00","662.442,00",FO,"963,00"
A Coruña,"672.772,00","667.447,00","662.442,00",RECORTESCERO,"537,00"
Alacant/Alicante,"904.381,00","895.189,00","888.631,00",PP,"329.167,00"
Alacant/Alicante,"904.381,00","895.189,00","888.631,00",PSOE,"286.424,00"
Alacant/Alicante,"904.381,00","895.189,00","888.631,00",VOX,"145.562,00"
Alacant/Alicante,"904.381,00","895.189,00","888.631,00",SUMAR -COMPROMÍS,"114.973,00"
Alacant/Alicante,"904.381,00","895.189,00","888.631,00",PACMA,"7.238,00"
Alacant/Alicante,"904.381,00","895.189,00","888.631,00",FO,"1.716,00"
Alacant/Alicante,"904.381,00","895.189,00","888.631,00",PARTIDOAUTÓNOMOS,"1.428,00"
Alacant/Alicante,"904.381,00","895.189,00","888.631,00",RECORTESCERO,"1.115,00"
Alacant/Alicante,"904.381,00","895.189,00","888.631,00",CJ,"1.008,00"
Albacete,"223.127,00","220.403,00","218.574,00",PP,"88.144,00"
Albacete,"223.127,00","220.403,00","218.574,00",PSOE,"75.969,00"
Albacete,"223.127,00","220.403,00","218.574,00",VOX,"36.698,00"
Albacete,"223.127,00","220.403,00","218.574,00",SUMAR,"15.677,00"
Albacete,"223.127,00","220.403,00","218.574,00",PACMA,"1.250,00"
Albacete,"223.127,00","220.403,00","218.574,00",FO,"372,00"
Albacete,"223.127,00","220.403,00","218.574,00",PUM+J,"280,00"
Albacete,"223.127,00","220.403,00","218.574,00",RECORTESCERO,"184,00"
Almería,"321.266,00","318.287,00","315.848,00",PP,"130.652,00"
Almería,"321.266,00","318.287,00","315.848,00",PSOE,"92.221,00"
Almería,"321.266,00","318.287,00","315.848,00",VOX,"67.963,00"
Almería,"321.266,00","318.287,00","315.848,00",SUMAR,"21.127,00"
Almería,"321.266,00","318.287,00","315.848,00",PACMA,"1.875,00"
Almería,"321.266,00","318.287,00","315.848,00",ALM,"792,00"
Almería,"321.266,00","318.287,00","315.848,00",FO,"473,00"
Almería,"321.266,00","318.287,00","315.848,00",PUM+J,"333,00"
Almería,"321.266,00","318.287,00","315.848,00",RECORTESCERO,"218,00"
Almería,"321.266,00","318.287,00","315.848,00",LB,"194,00"
Araba/Álava,"169.467,00","168.032,00","167.312,00",PSE-EE(PSOE),"46.476,00"
Araba/Álava,"169.467,00","168.032,00","167.312,00",EH Bildu,"32.844,00"
Araba/Álava,"169.467,00","168.032,00","167.312,00",PP,"29.985,00"
Araba/Álava,"169.467,00","168.032,00","167.312,00",EAJ-PNV,"27.936,00"
Araba/Álava,"169.467,00","168.032,00","167.312,00",SUMAR,"21.407,00"
Araba/Álava,"169.467,00","168.032,00","167.312,00",VOX,"6.500,00"
Araba/Álava,"169.467,00","168.032,00","167.312,00",PACMA,"760,00"
Araba/Álava,"169.467,00","168.032,00","167.312,00",ESCAÑOSENBLANCO,"607,00"
Araba/Álava,"169.467,00","168.032,00","167.312,00",FO,"349,00"
Araba/Álava,"169.467,00","168.032,00","167.312,00",RECORTESCERO,"184,00"
Araba/Álava,"169.467,00","168.032,00","167.312,00",PCTE,"158,00"
Araba/Álava,"169.467,00","168.032,00","167.312,00",PUM+J,"106,00"
Asturias,"594.442,00","588.384,00","582.413,00",PP,"209.581,00"
Asturias,"594.442,00","588.384,00","582.413,00",PSOE,"202.280,00"
Asturias,"594.442,00","588.384,00","582.413,00",SUMAR,"87.534,00"
Asturias,"594.442,00","588.384,00","582.413,00",VOX,"73.438,00"
Asturias,"594.442,00","588.384,00","582.413,00",PACMA,"2.996,00"
Asturias,"594.442,00","588.384,00","582.413,00",ASTURIASEXISTE EV,"2.248,00"
Asturias,"594.442,00","588.384,00","582.413,00",PCTE,"1.546,00"
Asturias,"594.442,00","588.384,00","582.413,00",FO,"1.158,00"
Asturias,"594.442,00","588.384,00","582.413,00",PUM+J,"712,00"
Asturias,"594.442,00","588.384,00","582.413,00",RECORTESCERO,"663,00"
Asturias,"594.442,00","588.384,00","582.413,00",PUEDE,"257,00"
Ávila,"98.237,00","97.090,00","96.470,00",PP,"42.105,00"
Ávila,"98.237,00","97.090,00","96.470,00",PSOE,"26.481,00"
Ávila,"98.237,00","97.090,00","96.470,00",VOX,"14.985,00"
Ávila,"98.237,00","97.090,00","96.470,00",XAV,"7.321,00"
Ávila,"98.237,00","97.090,00","96.470,00",SUMAR,"4.948,00"
Ávila,"98.237,00","97.090,00","96.470,00",PACMA,"259,00"
Ávila,"98.237,00","97.090,00","96.470,00",FO,"92,00"
Ávila,"98.237,00","97.090,00","96.470,00",PCTE,"82,00"
Ávila,"98.237,00","97.090,00","96.470,00",PUM+J,"79,00"
Ávila,"98.237,00","97.090,00","96.470,00",FE de lasJONS,"77,00"
Ávila,"98.237,00","97.090,00","96.470,00",RECORTESCERO,"41,00"
Badajoz,"396.721,00","390.053,00","386.836,00",PSOE,"152.922,00"
Badajoz,"396.721,00","390.053,00","386.836,00",PP,"147.685,00"
Badajoz,"396.721,00","390.053,00","386.836,00",VOX,"53.304,00"
Badajoz,"396.721,00","390.053,00","386.836,00",SUMAR,"26.576,00"
Badajoz,"396.721,00","390.053,00","386.836,00",BQEX,"3.859,00"
Badajoz,"396.721,00","390.053,00","386.836,00",PACMA,"1.372,00"
Badajoz,"396.721,00","390.053,00","386.836,00",FO,"469,00"
Badajoz,"396.721,00","390.053,00","386.836,00",PUM+J,"448,00"
Badajoz,"396.721,00","390.053,00","386.836,00",RECORTESCERO,"201,00"
Barcelona,"2.667.549,00","2.646.589,00","2.625.690,00",PSC,"946.055,00"
Barcelona,"2.667.549,00","2.646.589,00","2.625.690,00",SUMAR -ECP,"402.527,00"
Barcelona,"2.667.549,00","2.646.589,00","2.625.690,00",PP,"363.857,00"
Barcelona,"2.667.549,00","2.646.589,00","2.625.690,00",ERC,"326.388,00"
Barcelona,"2.667.549,00","2.646.589,00","2.625.690,00",JxCAT -JUNTS,"256.231,00"
Barcelona,"2.667.549,00","2.646.589,00","2.625.690,00",VOX,"200.138,00"
Barcelona,"2.667.549,00","2.646.589,00","2.625.690,00",CUP-PR,"66.656,00"
Barcelona,"2.667.549,00","2.646.589,00","2.625.690,00",PACMA,"27.874,00"
Barcelona,"2.667.549,00","2.646.589,00","2.625.690,00",PDeCAT-E-CiU,"24.216,00"
Barcelona,"2.667.549,00","2.646.589,00","2.625.690,00",FO,"5.989,00"
Barcelona,"2.667.549,00","2.646.589,00","2.625.690,00",RECORTESCERO,"2.976,00"
Barcelona,"2.667.549,00","2.646.589,00","2.625.690,00",PCTC,"2.783,00"
Bizkaia,"611.348,00","606.172,00","602.801,00",EAJ-PNV,"163.508,00"
Bizkaia,"611.348,00","606.172,00","602.801,00",PSE-EE(PSOE),"156.639,00"
Bizkaia,"611.348,00","606.172,00","602.801,00",EH Bildu,"125.418,00"
Bizkaia,"611.348,00","606.172,00","602.801,00",PP,"69.771,00"
Bizkaia,"611.348,00","606.172,00","602.801,00",SUMAR,"66.189,00"
Bizkaia,"611.348,00","606.172,00","602.801,00",VOX,"15.760,00"
Bizkaia,"611.348,00","606.172,00","602.801,00",PACMA,"2.676,00"
Bizkaia,"611.348,00","606.172,00","602.801,00",FO,"923,00"
Bizkaia,"611.348,00","606.172,00","602.801,00",PUM+J,"792,00"
Bizkaia,"611.348,00","606.172,00","602.801,00",PCTE,"604,00"
Bizkaia,"611.348,00","606.172,00","602.801,00",RECORTESCERO,"521,00"
Burgos,"202.732,00","200.443,00","198.607,00",PP,"81.626,00"
Burgos,"202.732,00","200.443,00","198.607,00",PSOE,"69.060,00"
Burgos,"202.732,00","200.443,00","198.607,00",VOX,"25.577,00"
Burgos,"202.732,00","200.443,00","198.607,00",SUMAR,"17.249,00"
Burgos,"202.732,00","200.443,00","198.607,00",VB,"1.739,00"
Burgos,"202.732,00","200.443,00","198.607,00",EV-PCAS-TC,"1.156,00"
Burgos,"202.732,00","200.443,00","198.607,00",PACMA,"888,00"
Burgos,"202.732,00","200.443,00","198.607,00",FO,"477,00"
Burgos,"202.732,00","200.443,00","198.607,00",PCTE,"348,00"
Burgos,"202.732,00","200.443,00","198.607,00",PUM+J,"336,00"
Burgos,"202.732,00","200.443,00","198.607,00",RECORTESCERO,"151,00"
Cáceres,"238.197,00","234.313,00","232.604,00",PSOE,"91.034,00"
Cáceres,"238.197,00","234.313,00","232.604,00",PP,"89.251,00"
Cáceres,"238.197,00","234.313,00","232.604,00",VOX,"31.878,00"
Cáceres,"238.197,00","234.313,00","232.604,00",SUMAR,"16.170,00"
Cáceres,"238.197,00","234.313,00","232.604,00",BQEX,"1.895,00"
Cáceres,"238.197,00","234.313,00","232.604,00",Somos Cc,"934,00"
Cáceres,"238.197,00","234.313,00","232.604,00",PACMA,"789,00"
Cáceres,"238.197,00","234.313,00","232.604,00",FO,"314,00"
Cáceres,"238.197,00","234.313,00","232.604,00",PUM+J,"226,00"
Cáceres,"238.197,00","234.313,00","232.604,00",RECORTESCERO,"113,00"
Cádiz,"642.331,00","634.660,00","627.568,00",PP,"221.020,00"
Cádiz,"642.331,00","634.660,00","627.568,00",PSOE,"210.596,00"
Cádiz,"642.331,00","634.660,00","627.568,00",VOX,"96.391,00"
Cádiz,"642.331,00","634.660,00","627.568,00",SUMAR,"81.544,00"
Cádiz,"642.331,00","634.660,00","627.568,00",ADELANTEANDALUCÍA,"9.064,00"
Cádiz,"642.331,00","634.660,00","627.568,00",PACMA,"5.867,00"
Cádiz,"642.331,00","634.660,00","627.568,00",FO,"1.209,00"
Cádiz,"642.331,00","634.660,00","627.568,00",CJ,"736,00"
Cádiz,"642.331,00","634.660,00","627.568,00",PUM+J,"657,00"
Cádiz,"642.331,00","634.660,00","627.568,00",RECORTESCERO,"484,00"
Cantabria,"351.641,00","346.686,00","343.437,00",PP,"145.937,00"
Cantabria,"351.641,00","346.686,00","343.437,00",PSOE,"115.554,00"
Cantabria,"351.641,00","346.686,00","343.437,00",VOX,"48.788,00"
Cantabria,"351.641,00","346.686,00","343.437,00",SUMAR,"29.270,00"
Cantabria,"351.641,00","346.686,00","343.437,00",PACMA,"2.017,00"
Cantabria,"351.641,00","346.686,00","343.437,00",FO,"772,00"
Cantabria,"351.641,00","346.686,00","343.437,00",PCTE,"574,00"
Cantabria,"351.641,00","346.686,00","343.437,00",RECORTESCERO,"525,00"
Castelló/Castellón,"310.050,00","306.424,00","303.676,00",PP,"107.824,00"
Castelló/Castellón,"310.050,00","306.424,00","303.676,00",PSOE,"99.856,00"
Castelló/Castellón,"310.050,00","306.424,00","303.676,00",VOX,"48.762,00"
Castelló/Castellón,"310.050,00","306.424,00","303.676,00",SUMAR -COMPROMÍS,"43.720,00"
Castelló/Castellón,"310.050,00","306.424,00","303.676,00",PACMA,"1.944,00"
Castelló/Castellón,"310.050,00","306.424,00","303.676,00",FO,"848,00"
Castelló/Castellón,"310.050,00","306.424,00","303.676,00",RECORTESCERO,"490,00"
Castelló/Castellón,"310.050,00","306.424,00","303.676,00",FE de lasJONS,"232,00"
Ceuta,"33.588,00","33.236,00","32.904,00",PP,"12.885,00"
Ceuta,"33.588,00","33.236,00","32.904,00",PSOE,"11.299,00"
Ceuta,"33.588,00","33.236,00","32.904,00",VOX,"7.742,00"
Ceuta,"33.588,00","33.236,00","32.904,00",SUMAR,"812,00"
Ceuta,"33.588,00","33.236,00","32.904,00",FO,"52,00"
Ceuta,"33.588,00","33.236,00","32.904,00",LB,"52,00"
Ceuta,"33.588,00","33.236,00","32.904,00",RECORTESCERO,"33,00"
Ceuta,"33.588,00","33.236,00","32.904,00",PUM+J,"29,00"
Ciudad Real,"286.023,00","282.104,00","279.760,00",PP,"114.443,00"
Ciudad Real,"286.023,00","282.104,00","279.760,00",PSOE,"99.800,00"
Ciudad Real,"286.023,00","282.104,00","279.760,00",VOX,"45.942,00"
Ciudad Real,"286.023,00","282.104,00","279.760,00",SUMAR,"17.256,00"
Ciudad Real,"286.023,00","282.104,00","279.760,00",PACMA,"1.288,00"
Ciudad Real,"286.023,00","282.104,00","279.760,00",FO,"439,00"
Ciudad Real,"286.023,00","282.104,00","279.760,00",PUM+J,"360,00"
Ciudad Real,"286.023,00","282.104,00","279.760,00",RECORTESCERO,"232,00"
Córdoba,"453.221,00","446.274,00","441.945,00",PP,"169.356,00"
Córdoba,"453.221,00","446.274,00","441.945,00",PSOE,"143.291,00"
Córdoba,"453.221,00","446.274,00","441.945,00",VOX,"62.264,00"
Córdoba,"453.221,00","446.274,00","441.945,00",SUMAR,"61.063,00"
Córdoba,"453.221,00","446.274,00","441.945,00",PACMA,"2.649,00"
Córdoba,"453.221,00","446.274,00","441.945,00",ESCAÑOSENBLANCO,"928,00"
Córdoba,"453.221,00","446.274,00","441.945,00",PCTE,"726,00"
Córdoba,"453.221,00","446.274,00","441.945,00",FO,"692,00"
Córdoba,"453.221,00","446.274,00","441.945,00",PUM+J,"586,00"
Córdoba,"453.221,00","446.274,00","441.945,00",RECORTESCERO,"390,00"
Cuenca,"114.910,00","113.439,00","112.472,00",PP,"45.159,00"
Cuenca,"114.910,00","113.439,00","112.472,00",PSOE,"42.358,00"
Cuenca,"114.910,00","113.439,00","112.472,00",VOX,"17.660,00"
Cuenca,"114.910,00","113.439,00","112.472,00",SUMAR,"6.282,00"
Cuenca,"114.910,00","113.439,00","112.472,00",PACMA,"377,00"
Cuenca,"114.910,00","113.439,00","112.472,00",FO,"207,00"
Cuenca,"114.910,00","113.439,00","112.472,00",ESCAÑOSENBLANCO,"168,00"
Cuenca,"114.910,00","113.439,00","112.472,00",PUM+J,"106,00"
Cuenca,"114.910,00","113.439,00","112.472,00",PCTE,"97,00"
Cuenca,"114.910,00","113.439,00","112.472,00",RECORTESCERO,"58,00"
Gipuzkoa,"374.669,00","372.343,00","370.352,00",EH Bildu,"116.414,00"
Gipuzkoa,"374.669,00","372.343,00","370.352,00",PSE-EE(PSOE),"86.711,00"
Gipuzkoa,"374.669,00","372.343,00","370.352,00",EAJ-PNV,"84.338,00"
Gipuzkoa,"374.669,00","372.343,00","370.352,00",SUMAR,"39.435,00"
Gipuzkoa,"374.669,00","372.343,00","370.352,00",PP,"32.033,00"
Gipuzkoa,"374.669,00","372.343,00","370.352,00",VOX,"7.683,00"
Gipuzkoa,"374.669,00","372.343,00","370.352,00",PACMA,"1.501,00"
Gipuzkoa,"374.669,00","372.343,00","370.352,00",ESCAÑOSEN BLANCO,"902,00"
Gipuzkoa,"374.669,00","372.343,00","370.352,00",FO,"510,00"
Gipuzkoa,"374.669,00","372.343,00","370.352,00",RECORTESCERO,"435,00"
Gipuzkoa,"374.669,00","372.343,00","370.352,00",PCTE/ELAK,"251,00"
Gipuzkoa,"374.669,00","372.343,00","370.352,00",PUM+J,"139,00"
Girona,"324.671,00","320.419,00","317.448,00",PSC,"92.609,00"
Girona,"324.671,00","320.419,00","317.448,00",JxCAT -JUNTS,"62.809,00"
Girona,"324.671,00","320.419,00","317.448,00",ERC,"47.234,00"
Girona,"324.671,00","320.419,00","317.448,00",SUMAR -ECP,"35.118,00"
Girona,"324.671,00","320.419,00","317.448,00",PP,"31.042,00"
Girona,"324.671,00","320.419,00","317.448,00",VOX,"22.514,00"
Girona,"324.671,00","320.419,00","317.448,00",CUP-PR,"18.106,00"
Girona,"324.671,00","320.419,00","317.448,00",PACMA,"3.483,00"
Girona,"324.671,00","320.419,00","317.448,00",PDeCAT-E-CiU,"3.331,00"
Girona,"324.671,00","320.419,00","317.448,00",FO,"554,00"
Girona,"324.671,00","320.419,00","317.448,00",PCTC,"403,00"
Girona,"324.671,00","320.419,00","317.448,00",RECORTESCERO,"245,00"
Granada,"504.668,00","498.081,00","494.045,00",PP,"184.492,00"
Granada,"504.668,00","498.081,00","494.045,00",PSOE,"164.330,00"
Granada,"504.668,00","498.081,00","494.045,00",VOX,"80.466,00"
Granada,"504.668,00","498.081,00","494.045,00",SUMAR,"57.842,00"
Granada,"504.668,00","498.081,00","494.045,00",PACMA,"3.017,00"
Granada,"504.668,00","498.081,00","494.045,00",JxG,"1.099,00"
Granada,"504.668,00","498.081,00","494.045,00",PUM+J,"729,00"
Granada,"504.668,00","498.081,00","494.045,00",PCTE,"665,00"
Granada,"504.668,00","498.081,00","494.045,00",FO,"642,00"
Granada,"504.668,00","498.081,00","494.045,00",CJ,"432,00"
Granada,"504.668,00","498.081,00","494.045,00",RECORTESCERO,"331,00"
Guadalajara,"141.940,00","140.119,00","138.981,00",PP,"50.988,00"
Guadalajara,"141.940,00","140.119,00","138.981,00",PSOE,"46.184,00"
Guadalajara,"141.940,00","140.119,00","138.981,00",VOX,"26.981,00"
Guadalajara,"141.940,00","140.119,00","138.981,00",SUMAR,"12.792,00"
Guadalajara,"141.940,00","140.119,00","138.981,00",PACMA,"1.031,00"
Guadalajara,"141.940,00","140.119,00","138.981,00",FO,"302,00"
Guadalajara,"141.940,00","140.119,00","138.981,00",PUM+J,"244,00"
Guadalajara,"141.940,00","140.119,00","138.981,00",PCTE,"185,00"
Guadalajara,"141.940,00","140.119,00","138.981,00",RECORTESCERO,"159,00"
Guadalajara,"141.940,00","140.119,00","138.981,00",FE de lasJONS,"115,00"
Huelva,"260.188,00","256.135,00","253.732,00",PP,"93.400,00"
Huelva,"260.188,00","256.135,00","253.732,00",PSOE,"92.098,00"
Huelva,"260.188,00","256.135,00","253.732,00",VOX,"37.485,00"
Huelva,"260.188,00","256.135,00","253.732,00",SUMAR,"26.607,00"
Huelva,"260.188,00","256.135,00","253.732,00",XH,"1.914,00"
Huelva,"260.188,00","256.135,00","253.732,00",PACMA,"1.652,00"
Huelva,"260.188,00","256.135,00","253.732,00",PUM+J,"360,00"
Huelva,"260.188,00","256.135,00","253.732,00",RECORTESCERO,"216,00"
Huesca,"120.188,00","118.945,00","117.732,00",PP,"45.562,00"
Huesca,"120.188,00","118.945,00","117.732,00",PSOE,"39.899,00"
Huesca,"120.188,00","118.945,00","117.732,00",VOX,"15.073,00"
Huesca,"120.188,00","118.945,00","117.732,00",SUMARARAGÓN,"13.624,00"
Huesca,"120.188,00","118.945,00","117.732,00",EXISTE,"1.293,00"
Huesca,"120.188,00","118.945,00","117.732,00",PAR,"700,00"
Huesca,"120.188,00","118.945,00","117.732,00",PACMA,"482,00"
Huesca,"120.188,00","118.945,00","117.732,00",ESCAÑOSENBLANCO,"470,00"
Huesca,"120.188,00","118.945,00","117.732,00",FO,"252,00"
Huesca,"120.188,00","118.945,00","117.732,00",PCTE,"130,00"
Huesca,"120.188,00","118.945,00","117.732,00",PUM+J,"106,00"
Huesca,"120.188,00","118.945,00","117.732,00",F.I.A.,"78,00"
Huesca,"120.188,00","118.945,00","117.732,00",RECORTESCERO,"63,00"
Illes Balears,"506.278,00","501.365,00","496.674,00",PP,"178.715,00"
Illes Balears,"506.278,00","501.365,00","496.674,00",PSIB-PSOE,"151.134,00"
Illes Balears,"506.278,00","501.365,00","496.674,00",MÉS PERMALLORCA-MÉS PERMENORCA-SUMAR,"83.116,00"
Illes Balears,"506.278,00","501.365,00","496.674,00",VOX,"76.302,00"
Illes Balears,"506.278,00","501.365,00","496.674,00",PACMA,"4.914,00"
Illes Balears,"506.278,00","501.365,00","496.674,00",FO,"1.023,00"
Illes Balears,"506.278,00","501.365,00","496.674,00",RECORTESCERO,"751,00"
Illes Balears,"506.278,00","501.365,00","496.674,00",PCTE,"719,00"
Jaén,"372.097,00","367.196,00","364.706,00",PP,"137.180,00"
Jaén,"372.097,00","367.196,00","364.706,00",PSOE,"133.280,00"
Jaén,"372.097,00","367.196,00","364.706,00",VOX,"54.223,00"
Jaén,"372.097,00","367.196,00","364.706,00",SUMAR,"29.208,00"
Jaén,"372.097,00","367.196,00","364.706,00",JM+,"8.234,00"
Jaén,"372.097,00","367.196,00","364.706,00",PACMA,"1.636,00"
Jaén,"372.097,00","367.196,00","364.706,00",FO,"399,00"
Jaén,"372.097,00","367.196,00","364.706,00",PUM+J,"344,00"
Jaén,"372.097,00","367.196,00","364.706,00",RECORTESCERO,"202,00"
La Rioja,"175.533,00","173.255,00","171.659,00",PP,"79.113,00"
La Rioja,"175.533,00","173.255,00","171.659,00",PSOE,"61.916,00"
La Rioja,"175.533,00","173.255,00","171.659,00",VOX,"16.880,00"
La Rioja,"175.533,00","173.255,00","171.659,00",SUMAR,"11.320,00"
La Rioja,"175.533,00","173.255,00","171.659,00",PACMA,"696,00"
La Rioja,"175.533,00","173.255,00","171.659,00",ESCAÑOSENBLANCO,"600,00"
La Rioja,"175.533,00","173.255,00","171.659,00",FO,"287,00"
La Rioja,"175.533,00","173.255,00","171.659,00",3e,"270,00"
La Rioja,"175.533,00","173.255,00","171.659,00",PUM+J,"228,00"
La Rioja,"175.533,00","173.255,00","171.659,00",PCTE,"224,00"
La Rioja,"175.533,00","173.255,00","171.659,00",RECORTESCERO,"125,00"
Las Palmas,"532.305,00","526.824,00","523.774,00",PSOE,"174.767,00"
Las Palmas,"532.305,00","526.824,00","523.774,00",PP,"136.287,00"
Las Palmas,"532.305,00","526.824,00","523.774,00",VOX,"76.982,00"
Las Palmas,"532.305,00","526.824,00","523.774,00",SUMAR,"53.992,00"
Las Palmas,"532.305,00","526.824,00","523.774,00",NC-bc,"42.422,00"
Las Palmas,"532.305,00","526.824,00","523.774,00",CCa,"33.327,00"
Las Palmas,"532.305,00","526.824,00","523.774,00",PACMA,"3.525,00"
Las Palmas,"532.305,00","526.824,00","523.774,00",AHORACANARIAS-PCPC,"868,00"
Las Palmas,"532.305,00","526.824,00","523.774,00",FO,"631,00"
Las Palmas,"532.305,00","526.824,00","523.774,00",PUM+J,"583,00"
Las Palmas,"532.305,00","526.824,00","523.774,00",RECORTESCERO,"390,00"
León,"273.735,00","271.295,00","269.752,00",PP,"100.327,00"
León,"273.735,00","271.295,00","269.752,00",PSOE,"91.239,00"
León,"273.735,00","271.295,00","269.752,00",VOX,"34.974,00"
León,"273.735,00","271.295,00","269.752,00",U.P.L.,"22.499,00"
León,"273.735,00","271.295,00","269.752,00",SUMAR,"18.147,00"
León,"273.735,00","271.295,00","269.752,00",PACMA,"831,00"
León,"273.735,00","271.295,00","269.752,00",FO,"510,00"
León,"273.735,00","271.295,00","269.752,00",ESPAÑAVACIADA,"459,00"
León,"273.735,00","271.295,00","269.752,00",PCTE,"303,00"
León,"273.735,00","271.295,00","269.752,00",PREPAL,"262,00"
León,"273.735,00","271.295,00","269.752,00",PUM+J,"141,00"
León,"273.735,00","271.295,00","269.752,00",RECORTESCERO,"60,00"
Lleida,"185.207,00","182.847,00","180.800,00",PSC,"53.860,00"
Lleida,"185.207,00","182.847,00","180.800,00",ERC,"34.063,00"
Lleida,"185.207,00","182.847,00","180.800,00",JxCAT -JUNTS,"33.001,00"
Lleida,"185.207,00","182.847,00","180.800,00",PP,"23.428,00"
Lleida,"185.207,00","182.847,00","180.800,00",SUMAR -ECP,"14.407,00"
Lleida,"185.207,00","182.847,00","180.800,00",VOX,"12.461,00"
Lleida,"185.207,00","182.847,00","180.800,00",CUP-PR,"5.403,00"
Lleida,"185.207,00","182.847,00","180.800,00",PDeCAT-E-CiU,"1.852,00"
Lleida,"185.207,00","182.847,00","180.800,00",PACMA,"1.331,00"
Lleida,"185.207,00","182.847,00","180.800,00",ESCONSEN BLANC,"451,00"
Lleida,"185.207,00","182.847,00","180.800,00",FO,"243,00"
Lleida,"185.207,00","182.847,00","180.800,00",PCTC,"182,00"
Lleida,"185.207,00","182.847,00","180.800,00",RECORTESCERO,"118,00"
Lugo,"196.864,00","194.827,00","193.595,00",PP,"98.105,00"
Lugo,"196.864,00","194.827,00","193.595,00",PSdeG-PSOE,"59.053,00"
Lugo,"196.864,00","194.827,00","193.595,00",B.N.G.,"16.975,00"
Lugo,"196.864,00","194.827,00","193.595,00",SUMAR,"10.038,00"
Lugo,"196.864,00","194.827,00","193.595,00",VOX,"8.345,00"
Lugo,"196.864,00","194.827,00","193.595,00",PACMA,"564,00"
Lugo,"196.864,00","194.827,00","193.595,00",FO,"205,00"
Lugo,"196.864,00","194.827,00","193.595,00",PUM+J,"114,00"
Lugo,"196.864,00","194.827,00","193.595,00",RECORTESCERO,"100,00"
Lugo,"196.864,00","194.827,00","193.595,00",PCTG,"96,00"
Madrid,"3.594.449,00","3.564.144,00","3.535.444,00",PP,"1.443.881,00"
Madrid,"3.594.449,00","3.564.144,00","3.535.444,00",PSOE,"993.870,00"
Madrid,"3.594.449,00","3.564.144,00","3.535.444,00",SUMAR,"550.389,00"
Madrid,"3.594.449,00","3.564.144,00","3.535.444,00",VOX,"499.733,00"
Madrid,"3.594.449,00","3.564.144,00","3.535.444,00",PACMA,"21.264,00"
Madrid,"3.594.449,00","3.564.144,00","3.535.444,00",FO,"7.661,00"
Madrid,"3.594.449,00","3.564.144,00","3.535.444,00",PUM+J,"6.567,00"
Madrid,"3.594.449,00","3.564.144,00","3.535.444,00",RECORTESCERO,"3.723,00"
Madrid,"3.594.449,00","3.564.144,00","3.535.444,00",PCTE,"3.597,00"
Madrid,"3.594.449,00","3.564.144,00","3.535.444,00",PH,"2.811,00"
Madrid,"3.594.449,00","3.564.144,00","3.535.444,00",FE de lasJONS,"1.948,00"
Málaga,"792.532,00","782.333,00","774.838,00",PP,"299.977,00"
Málaga,"792.532,00","782.333,00","774.838,00",PSOE,"236.935,00"
Málaga,"792.532,00","782.333,00","774.838,00",VOX,"128.965,00"
Málaga,"792.532,00","782.333,00","774.838,00",SUMAR,"95.662,00"
Málaga,"792.532,00","782.333,00","774.838,00",PACMA,"8.301,00"
Málaga,"792.532,00","782.333,00","774.838,00",FO,"1.994,00"
Málaga,"792.532,00","782.333,00","774.838,00",PUM+J,"1.465,00"
Málaga,"792.532,00","782.333,00","774.838,00",RECORTESCERO,"866,00"
Málaga,"792.532,00","782.333,00","774.838,00",CJ,"673,00"
Melilla,"27.472,00","27.176,00","26.923,00",PP,"13.369,00"
Melilla,"27.472,00","27.176,00","26.923,00",PSOE,"6.892,00"
Melilla,"27.472,00","27.176,00","26.923,00",VOX,"4.345,00"
Melilla,"27.472,00","27.176,00","26.923,00",CpM,"1.279,00"
Melilla,"27.472,00","27.176,00","26.923,00",SUMAR,"821,00"
Melilla,"27.472,00","27.176,00","26.923,00",PACMA,"156,00"
Melilla,"27.472,00","27.176,00","26.923,00",PUM+J,"39,00"
Melilla,"27.472,00","27.176,00","26.923,00",RECORTESCERO,"22,00"
Murcia,"751.682,00","744.293,00","739.284,00",PP,"306.999,00"
Murcia,"751.682,00","744.293,00","739.284,00",PSOE,"187.971,00"
Murcia,"751.682,00","744.293,00","739.284,00",VOX,"162.481,00"
Murcia,"751.682,00","744.293,00","739.284,00",SUMAR,"70.900,00"
Murcia,"751.682,00","744.293,00","739.284,00",PACMA,"4.979,00"
Murcia,"751.682,00","744.293,00","739.284,00",POR MIREGIÓN,"1.655,00"
Murcia,"751.682,00","744.293,00","739.284,00",ESCAÑOSENBLANCO,"1.350,00"
Murcia,"751.682,00","744.293,00","739.284,00",FO,"1.182,00"
Murcia,"751.682,00","744.293,00","739.284,00",RECORTESCERO,"540,00"
Murcia,"751.682,00","744.293,00","739.284,00",FE de lasJONS,"498,00"
Murcia,"751.682,00","744.293,00","739.284,00",CJ,"432,00"
Murcia,"751.682,00","744.293,00","739.284,00",+RDS+,"297,00"
Navarra,"342.169,00","338.867,00","336.029,00",PSN-PSOE,"92.798,00"
Navarra,"342.169,00","338.867,00","336.029,00",EH Bildu,"58.686,00"
Navarra,"342.169,00","338.867,00","336.029,00",PP,"56.483,00"
Navarra,"342.169,00","338.867,00","336.029,00",U.P.N.,"51.764,00"
Navarra,"342.169,00","338.867,00","336.029,00",SUMAR,"43.564,00"
Navarra,"342.169,00","338.867,00","336.029,00",VOX,"19.213,00"
Navarra,"342.169,00","338.867,00","336.029,00",GBAI,"9.839,00"
Navarra,"342.169,00","338.867,00","336.029,00",PACMA,"1.489,00"
Navarra,"342.169,00","338.867,00","336.029,00",PUM+J,"971,00"
Navarra,"342.169,00","338.867,00","336.029,00",FO,"667,00"
Navarra,"342.169,00","338.867,00","336.029,00",PCTE,"304,00"
Navarra,"342.169,00","338.867,00","336.029,00",RECORTESCERO,"251,00"
Ourense,"182.316,00","180.645,00","179.566,00",PP,"90.185,00"
Ourense,"182.316,00","180.645,00","179.566,00",PSdeG-PSOE,"54.919,00"
Ourense,"182.316,00","180.645,00","179.566,00",B.N.G.,"15.110,00"
Ourense,"182.316,00","180.645,00","179.566,00",SUMAR,"9.825,00"
Ourense,"182.316,00","180.645,00","179.566,00",VOX,"8.415,00"
Ourense,"182.316,00","180.645,00","179.566,00",PACMA,"580,00"
Ourense,"182.316,00","180.645,00","179.566,00",FO,"170,00"
Ourense,"182.316,00","180.645,00","179.566,00",PUM+J,"102,00"
Ourense,"182.316,00","180.645,00","179.566,00",CCD,"100,00"
Ourense,"182.316,00","180.645,00","179.566,00",RECORTESCERO,"83,00"
Ourense,"182.316,00","180.645,00","179.566,00",PCTG,"77,00"
Palencia,"97.309,00","96.204,00","95.377,00",PP,"40.263,00"
Palencia,"97.309,00","96.204,00","95.377,00",PSOE,"33.183,00"
Palencia,"97.309,00","96.204,00","95.377,00",VOX,"12.417,00"
Palencia,"97.309,00","96.204,00","95.377,00",SUMAR,"5.792,00"
Palencia,"97.309,00","96.204,00","95.377,00",VP,"1.898,00"
Palencia,"97.309,00","96.204,00","95.377,00",ESPAÑAVACIADA,"378,00"
Palencia,"97.309,00","96.204,00","95.377,00",GITV,"361,00"
Palencia,"97.309,00","96.204,00","95.377,00",FO,"305,00"
Palencia,"97.309,00","96.204,00","95.377,00",PACMA,"282,00"
Palencia,"97.309,00","96.204,00","95.377,00",RECORTESCERO,"231,00"
Palencia,"97.309,00","96.204,00","95.377,00",PUM+J,"90,00"
Palencia,"97.309,00","96.204,00","95.377,00",PCTE,"76,00"
Palencia,"97.309,00","96.204,00","95.377,00",FE de lasJONS,"69,00"
Palencia,"97.309,00","96.204,00","95.377,00",CJ,"32,00"
Pontevedra,"569.327,00","563.480,00","559.721,00",PP,"223.226,00"
Pontevedra,"569.327,00","563.480,00","559.721,00",PSdeG-PSOE,"177.199,00"
Pontevedra,"569.327,00","563.480,00","559.721,00",SUMAR,"74.605,00"
Pontevedra,"569.327,00","563.480,00","559.721,00",B.N.G.,"53.246,00"
Pontevedra,"569.327,00","563.480,00","559.721,00",VOX,"26.648,00"
Pontevedra,"569.327,00","563.480,00","559.721,00",PACMA,"2.925,00"
Pontevedra,"569.327,00","563.480,00","559.721,00",FO,"944,00"
Pontevedra,"569.327,00","563.480,00","559.721,00",RECORTESCERO,"487,00"
Pontevedra,"569.327,00","563.480,00","559.721,00",PCTG,"441,00"
Salamanca,"198.931,00","196.659,00","195.023,00",PP,"92.498,00"
Salamanca,"198.931,00","196.659,00","195.023,00",PSOE,"59.790,00"
Salamanca,"198.931,00","196.659,00","195.023,00",VOX,"28.959,00"
Salamanca,"198.931,00","196.659,00","195.023,00",SUMAR,"10.760,00"
Salamanca,"198.931,00","196.659,00","195.023,00",ESPAÑAVACIADA,"1.031,00"
Salamanca,"198.931,00","196.659,00","195.023,00",PACMA,"566,00"
Salamanca,"198.931,00","196.659,00","195.023,00",PREPAL,"469,00"
Salamanca,"198.931,00","196.659,00","195.023,00",PCTE,"311,00"
Salamanca,"198.931,00","196.659,00","195.023,00",FO,"249,00"
Salamanca,"198.931,00","196.659,00","195.023,00",PUM+J,"180,00"
Salamanca,"198.931,00","196.659,00","195.023,00",CJ,"132,00"
Salamanca,"198.931,00","196.659,00","195.023,00",RECORTESCERO,"78,00"
Santa Cruz de Tenerife,"496.119,00","489.895,00","484.835,00",PP,"173.222,00"
Santa Cruz de Tenerife,"496.119,00","489.895,00","484.835,00",PSOE,"164.533,00"
Santa Cruz de Tenerife,"496.119,00","489.895,00","484.835,00",CCa,"81.391,00"
Santa Cruz de Tenerife,"496.119,00","489.895,00","484.835,00",SUMAR,"53.330,00"
Santa Cruz de Tenerife,"496.119,00","489.895,00","484.835,00",PACMA,"6.098,00"
Santa Cruz de Tenerife,"496.119,00","489.895,00","484.835,00",NC-bc,"3.135,00"
Santa Cruz de Tenerife,"496.119,00","489.895,00","484.835,00",FO,"1.597,00"
Santa Cruz de Tenerife,"496.119,00","489.895,00","484.835,00",AHORACANARIAS-PCPC,"772,00"
Santa Cruz de Tenerife,"496.119,00","489.895,00","484.835,00",RECORTESCERO,"757,00"
Segovia,"89.091,00","87.783,00","86.922,00",PP,"39.621,00"
Segovia,"89.091,00","87.783,00","86.922,00",PSOE,"26.791,00"
Segovia,"89.091,00","87.783,00","86.922,00",VOX,"12.426,00"
Segovia,"89.091,00","87.783,00","86.922,00",SUMAR,"7.020,00"
Segovia,"89.091,00","87.783,00","86.922,00",PACMA,"301,00"
Segovia,"89.091,00","87.783,00","86.922,00",3e,"196,00"
Segovia,"89.091,00","87.783,00","86.922,00",FO,"183,00"
Segovia,"89.091,00","87.783,00","86.922,00",PUM+J,"131,00"
Segovia,"89.091,00","87.783,00","86.922,00",CJ,"102,00"
Segovia,"89.091,00","87.783,00","86.922,00",PCTE,"90,00"
Segovia,"89.091,00","87.783,00","86.922,00",RECORTESCERO,"61,00"
Sevilla,"1.070.645,00","1.054.919,00","1.044.017,00",PSOE,"386.513,00"
Sevilla,"1.070.645,00","1.054.919,00","1.044.017,00",PP,"352.102,00"
Sevilla,"1.070.645,00","1.054.919,00","1.044.017,00",SUMAR,"147.773,00"
Sevilla,"1.070.645,00","1.054.919,00","1.044.017,00",VOX,"140.522,00"
Sevilla,"1.070.645,00","1.054.919,00","1.044.017,00",PACMA,"9.213,00"
Sevilla,"1.070.645,00","1.054.919,00","1.044.017,00",FO,"2.058,00"
Sevilla,"1.070.645,00","1.054.919,00","1.044.017,00",PUM+J,"1.736,00"
Sevilla,"1.070.645,00","1.054.919,00","1.044.017,00",PCTE,"1.498,00"
Sevilla,"1.070.645,00","1.054.919,00","1.044.017,00",RECORTESCERO,"1.027,00"
Sevilla,"1.070.645,00","1.054.919,00","1.044.017,00",CJ,"901,00"
Sevilla,"1.070.645,00","1.054.919,00","1.044.017,00",FE de lasJONS,"674,00"
Soria,"50.482,00","50.101,00","49.820,00",PP,"18.647,00"
Soria,"50.482,00","50.101,00","49.820,00",PSOE,"14.775,00"
Soria,"50.482,00","50.101,00","49.820,00",SY,"9.626,00"
Soria,"50.482,00","50.101,00","49.820,00",VOX,"4.894,00"
Soria,"50.482,00","50.101,00","49.820,00",SUMAR,"1.679,00"
Soria,"50.482,00","50.101,00","49.820,00",PACMA,"77,00"
Soria,"50.482,00","50.101,00","49.820,00",FO,"60,00"
Soria,"50.482,00","50.101,00","49.820,00",PCTE,"42,00"
Soria,"50.482,00","50.101,00","49.820,00",PUM+J,"11,00"
Soria,"50.482,00","50.101,00","49.820,00",RECORTESCERO,"9,00"
Tarragona,"370.495,00","366.113,00","362.951,00",PSC,"120.482,00"
Tarragona,"370.495,00","366.113,00","362.951,00",ERC,"55.198,00"
Tarragona,"370.495,00","366.113,00","362.951,00",PP,"50.790,00"
Tarragona,"370.495,00","366.113,00","362.951,00",SUMAR -ECP,"41.496,00"
Tarragona,"370.495,00","366.113,00","362.951,00",JxCAT -JUNTS,"40.593,00"
Tarragona,"370.495,00","366.113,00","362.951,00",VOX,"37.910,00"
Tarragona,"370.495,00","366.113,00","362.951,00",CUP-PR,"8.629,00"
Tarragona,"370.495,00","366.113,00","362.951,00",PACMA,"3.748,00"
Tarragona,"370.495,00","366.113,00","362.951,00",PDeCAT-E-CiU,"2.288,00"
Tarragona,"370.495,00","366.113,00","362.951,00",FO,"654,00"
Tarragona,"370.495,00","366.113,00","362.951,00",PCTC,"398,00"
Tarragona,"370.495,00","366.113,00","362.951,00",RECORTESCERO,"263,00"
Tarragona,"370.495,00","366.113,00","362.951,00",EVC,"261,00"
Tarragona,"370.495,00","366.113,00","362.951,00",UNIDOSSI,"241,00"
Teruel,"76.111,00","75.475,00","75.062,00",PP,"26.495,00"
Teruel,"76.111,00","75.475,00","75.062,00",PSOE,"22.048,00"
Teruel,"76.111,00","75.475,00","75.062,00",EXISTE,"11.292,00"
Teruel,"76.111,00","75.475,00","75.062,00",VOX,"9.899,00"
Teruel,"76.111,00","75.475,00","75.062,00",SUMAR,"4.081,00"
Teruel,"76.111,00","75.475,00","75.062,00",PAR,"706,00"
Teruel,"76.111,00","75.475,00","75.062,00",PACMA,"169,00"
Teruel,"76.111,00","75.475,00","75.062,00",ESCAÑOSENBLANCO,"125,00"
Teruel,"76.111,00","75.475,00","75.062,00",FO,"88,00"
Teruel,"76.111,00","75.475,00","75.062,00",PCTE,"55,00"
Teruel,"76.111,00","75.475,00","75.062,00",RECORTESCERO,"48,00"
Teruel,"76.111,00","75.475,00","75.062,00",PUM+J,"29,00"
Teruel,"76.111,00","75.475,00","75.062,00",F.I.A.,"27,00"
Toledo,"391.277,00","385.524,00","382.925,00",PP,"146.036,00"
Toledo,"391.277,00","385.524,00","382.925,00",PSOE,"125.440,00"
Toledo,"391.277,00","385.524,00","382.925,00",VOX,"75.827,00"
Toledo,"391.277,00","385.524,00","382.925,00",SUMAR,"31.620,00"
Toledo,"391.277,00","385.524,00","382.925,00",PACMA,"1.985,00"
Toledo,"391.277,00","385.524,00","382.925,00",FO,"978,00"
Toledo,"391.277,00","385.524,00","382.925,00",PUM+J,"492,00"
Toledo,"391.277,00","385.524,00","382.925,00",FE de lasJONS,"280,00"
Toledo,"391.277,00","385.524,00","382.925,00",RECORTESCERO,"267,00"
València/Valencia,"1.443.384,00","1.429.482,00","1.418.590,00",PP,"481.424,00"
València/Valencia,"1.443.384,00","1.429.482,00","1.418.590,00",PSOE,"458.879,00"
València/Valencia,"1.443.384,00","1.429.482,00","1.418.590,00",SUMAR -COMPROMÍS,"240.712,00"
València/Valencia,"1.443.384,00","1.429.482,00","1.418.590,00",VOX,"217.703,00"
València/Valencia,"1.443.384,00","1.429.482,00","1.418.590,00",PACMA,"10.195,00"
València/Valencia,"1.443.384,00","1.429.482,00","1.418.590,00",FO,"3.014,00"
València/Valencia,"1.443.384,00","1.429.482,00","1.418.590,00",RECORTESCERO,"1.724,00"
València/Valencia,"1.443.384,00","1.429.482,00","1.418.590,00",PUM+J,"1.720,00"
València/Valencia,"1.443.384,00","1.429.482,00","1.418.590,00",EVB,"1.400,00"
València/Valencia,"1.443.384,00","1.429.482,00","1.418.590,00",CJ,"1.034,00"
València/Valencia,"1.443.384,00","1.429.482,00","1.418.590,00",FE de lasJONS,"785,00"
Valladolid,"317.147,00","314.150,00","311.740,00",PP,"128.342,00"
Valladolid,"317.147,00","314.150,00","311.740,00",PSOE,"102.860,00"
Valladolid,"317.147,00","314.150,00","311.740,00",VOX,"47.697,00"
Valladolid,"317.147,00","314.150,00","311.740,00",SUMAR,"27.693,00"
Valladolid,"317.147,00","314.150,00","311.740,00",PACMA,"1.221,00"
Valladolid,"317.147,00","314.150,00","311.740,00",ESPAÑAVACIADA,"1.201,00"
Valladolid,"317.147,00","314.150,00","311.740,00",FO,"600,00"
Valladolid,"317.147,00","314.150,00","311.740,00",ESCAÑOSENBLANCO,"567,00"
Valladolid,"317.147,00","314.150,00","311.740,00",Ud.Ca,"452,00"
Valladolid,"317.147,00","314.150,00","311.740,00",PUM+J,"359,00"
Valladolid,"317.147,00","314.150,00","311.740,00",PCTE,"324,00"
Valladolid,"317.147,00","314.150,00","311.740,00",RECORTESCERO,"156,00"
Valladolid,"317.147,00","314.150,00","311.740,00",FE de lasJONS,"155,00"
Valladolid,"317.147,00","314.150,00","311.740,00",FUERZACÍVICA,"113,00"
Zamora,"102.925,00","101.678,00","100.766,00",PP,"45.550,00"
Zamora,"102.925,00","101.678,00","100.766,00",PSOE,"32.996,00"
Zamora,"102.925,00","101.678,00","100.766,00",VOX,"13.448,00"
Zamora,"102.925,00","101.678,00","100.766,00",SUMAR,"5.730,00"
Zamora,"102.925,00","101.678,00","100.766,00",Zsi,"1.797,00"
Zamora,"102.925,00","101.678,00","100.766,00",U.P.L.,"511,00"
Zamora,"102.925,00","101.678,00","100.766,00",PACMA,"259,00"
Zamora,"102.925,00","101.678,00","100.766,00",PREPAL,"155,00"
Zamora,"102.925,00","101.678,00","100.766,00",FO,"116,00"
Zamora,"102.925,00","101.678,00","100.766,00",PCTE,"86,00"
Zamora,"102.925,00","101.678,00","100.766,00",PUM+J,"71,00"
Zamora,"102.925,00","101.678,00","100.766,00",RECORTESCERO,"47,00"
Zaragoza,"519.403,00","514.737,00","510.069,00",PP,"185.613,00"
Zaragoza,"519.403,00","514.737,00","510.069,00",PSOE,"158.517,00"
Zaragoza,"519.403,00","514.737,00","510.069,00",VOX,"78.915,00"
Zaragoza,"519.403,00","514.737,00","510.069,00",SUMARARAGÓN,"69.239,00"
Zaragoza,"519.403,00","514.737,00","510.069,00",EXISTE,"7.713,00"
Zaragoza,"519.403,00","514.737,00","510.069,00",PAR,"2.682,00"
Zaragoza,"519.403,00","514.737,00","510.069,00",PACMA,"2.364,00"
Zaragoza,"519.403,00","514.737,00","510.069,00",ESCAÑOSENBLANCO,"2.119,00"
Zaragoza,"519.403,00","514.737,00","510.069,00",FO,"1.013,00"
Zaragoza,"519.403,00","514.737,00","510.069,00",PCTE,"543,00"
Zaragoza,"519.403,00","514.737,00","510.069,00",PUM+J,"390,00"
Zaragoza,"519.403,00","514.737,00","510.069,00",F.I.A.,"387,00"
Zaragoza,"519.403,00","514.737,00","510.069,00",RECORTESCERO,"303,00"
Zaragoza,"519.403,00","514.737,00","510.069,00",FE de lasJONS,"271,00"
